locationId,wing,shelf,bookName,authorName
324527743,CHAP-108 Bookcases (closest to chapel),3.2,American Catholic: A Historical Exploration,Karen Kennelly
846457769,CHAP-108 Bookcases (closest to chapel),3.2,Catholic Intellectual Life in America: A Historical Study of Persons and Movements,Margaret Mary Reher
230580513,CHAP-108 Bookcases (closest to chapel),3.2,Examining the Catholic Intellectual Tradition,Anthony J. Cernera and Oliver J. Morgan
140100748,CHAP-108 Bookcases (closest to chapel),3.2,Living Stones: The History and Structure of Catholic Spiritual Life in the United States,"Joseph P. Chinnici, O.F.M"
480913221,CHAP-108 Bookcases (closest to chapel),3.2,New Catholic Encyclopedia - The Wajtyla Years,N/A
37105089,CHAP-108 Bookcases (closest to chapel),3.1,New Catholic Encyclopedia Volume 1,N/A
656402174,CHAP-108 Bookcases (closest to chapel),3.1,New Catholic Encyclopedia Volume 10,N/A
13593744,CHAP-108 Bookcases (closest to chapel),3.1,New Catholic Encyclopedia Volume 11,N/A
274996290,CHAP-108 Bookcases (closest to chapel),3.1,New Catholic Encyclopedia Volume 12,N/A
911645950,CHAP-108 Bookcases (closest to chapel),3.1,New Catholic Encyclopedia Volume 13,N/A
594931478,CHAP-108 Bookcases (closest to chapel),3.2,New Catholic Encyclopedia Volume 14,N/A
329301383,CHAP-108 Bookcases (closest to chapel),3.2,New Catholic Encyclopedia Volume 15,N/A
590696641,CHAP-108 Bookcases (closest to chapel),3.1,New Catholic Encyclopedia Volume 2,N/A
434091254,CHAP-108 Bookcases (closest to chapel),3.1,New Catholic Encyclopedia Volume 3,N/A
539296298,CHAP-108 Bookcases (closest to chapel),3.1,New Catholic Encyclopedia Volume 4,N/A
546591952,CHAP-108 Bookcases (closest to chapel),3.1,New Catholic Encyclopedia Volume 5,N/A
60932179,CHAP-108 Bookcases (closest to chapel),3.1,New Catholic Encyclopedia Volume 6,N/A
14931209,CHAP-108 Bookcases (closest to chapel),3.1,New Catholic Encyclopedia Volume 7,N/A
92118399,CHAP-108 Bookcases (closest to chapel),3.1,New Catholic Encyclopedia Volume 8,N/A
387113531,CHAP-108 Bookcases (closest to chapel),3.1,New Catholic Encyclopedia Volume 9,N/A
116084766,CHAP-108 Bookcases (closest to chapel),3.2,Patterns of Episcopal Leadership,Gerald P. Fogarty
413706698,CHAP-108 Bookcases (closest to chapel),3.2,Proclaiming Justice & Peace: Documents from John XXIII - John Paul II,Michael Walsh and Brian Davies
931267425,CHAP-108 Bookcases (closest to chapel),3.2,Public Catholicism,David O'Brien
445820919,CHAP-108 Bookcases (closest to chapel),3.2,Sacraments and Sacramentality,Bernard Cooke
53992841,CHAP-108 Bookcases (closest to chapel),3.2,The Dead Sea Scrolls: Angelic Liturgy: Songs of the Sabbath Sacrifice,Mohr Siebeck
367598641,CHAP-108 Bookcases (closest to chapel),3.2,The Dead Sea Scrolls: Damascus Document - War Scroll,J.C.B Mohr
871116636,CHAP-108 Bookcases (closest to chapel),3.2,The Dead Sea Scrolls: Damascus Document II - Some Works of the Torah,Mohr Siebeck
17340324,CHAP-108 Bookcases (closest to chapel),3.2,"The Dead Sea Scrolls: Pesharim, Other Commentaries, and Related Documents",Mohr Siebeck
110790815,CHAP-108 Bookcases (closest to chapel),3.2,The Dead Sea Scrolls: Pseudupigraphic and Non-Masoretic Psalms and Prayers,Mohr Siebeck
410288042,CHAP-108 Bookcases (closest to chapel),3.2,The Dead Sea Scrolls: Rule of the Community,J.C.B Mohr
520576374,CHAP-108 Bookcases (closest to chapel),3.2,The Dead Sea Scrolls: Temple Scroll and Related Documents,Mohr Siebeck
141732566,CHAP-108 Bookcases (closest to chapel),1.3, A Short History of Christian Thought,Linwood Urban
583769700,CHAP-108 Bookcases (closest to offices),7.3, The Clash of God - A Reinterpretation of Early Christian  Art (revised and expanded edition),Thomas F. Mathews
466660833,CHAP-108 Bookcases (closest to offices),8.1,A Commentary on Galatians,William Perkins
56458318,CHAP-108 Bookcases (closest to offices),8.1,A Commentary on Hebrews 11 (1609 Edition),William Perkins
387673194,CHAP-108 Bookcases (closest to offices),8.3,A Dictionary of Asian Christianity,Scott W. Sunquist
289541768,CHAP-108 Bookcases (closest to offices),"8.2, 10.3",A Greek English Lexicon of the Septuagint,T. Muraoka
663154686,CHAP-108 Bookcases (closest to offices),8.2,A Guide to Biblical Sites in Greece and Turkey,Clyde E. Fant and Mitchell G. Reddish
140483168,CHAP-108 Bookcases (closest to chapel),1.4,A Guide to Greek Though: Major Figures and Trends,Jacques Brunschwig and Geoffrey E. R. Lloyd
781734154,CHAP-108 Bookcases (closest to chapel),1.4,A Guide to the Study of Greco-Roman and Jewish and Christian History and Literature,Philip Walker Jacobs
535745553,CHAP-108 Bookcases (closest to offices),8.2,A History of Christianity in Asia: Volume 1 (Beginnings to 1500),Samuel Hugh Moffett
61592847,CHAP-108 Bookcases (closest to offices),7.3,A New Eusebius: Documents Illustrating the History of the Church to AD 337,J. Stevenson
857446740,CHAP-108 Bookcases (closest to chapel),1.4,A People's History of Christianity 3: Byzantine Christianity,Derek Krueger
99373855,CHAP-108 Bookcases (closest to chapel),1.4,A People's History of Christianity 1: Christian Origins,Richard A. Horsley
451170196,CHAP-108 Bookcases (closest to chapel),1.4,A People's History of Christianity 2: Late Ancient Christianity,Virginia Burrus
269177967,CHAP-108 Bookcases (closest to chapel),1.4,A People's History of Christianity 4: Reformation Christianity,Peter Matheson
31890967,CHAP-108 Bookcases (closest to offices),7.4,A Scholastic Miscellany: Anselm to Ockham,Eugene R. Fairweather
172918374,CHAP-108 Bookcases (closest to offices),7.4,A World Full of Gods: The Strange Triumph of Christianity,Keith Hopkins
167018840,CHAP-108 Bookcases (closest to chapel),1.3,Acts: A Commentary,Carl R. Holladay
686948985,Office # 108-A Bookcases,9.3,"Adam and Eve in Scripture, Theology, and Literature: Sin, Compassion, and Forgiveness",Peter B. Ely
938402133,CHAP-108 Bookcases (closest to offices),8.4,After the New Testament,Bart D. Ehrman
889446354,CHAP-108 Bookcases (closest to offices),8.1,Agape and Diakonia: Esasys in Memory of Bishop Gerasimos of Abydos,Fr. Pter A. Chamberas
717163784,CHAP-108 Bookcases (closest to offices),7.3,Ambrose,Boniface Ramsey O.P.
647055473,CHAP-108 Bookcases (closest to offices),8.4,An Exposition of the Seven Church Ages,William Marrion Branham
823904487,CHAP-108 Bookcases (closest to chapel),1.3,Anatomy of the New Testament,"Robert A Spivey, D. Moody Smith, C. Clifton Black"
639316367,Office # 108-A Bookcases,10.2,Ancient Apocryphal Gospels,Markus Bockmuehl
977564870,CHAP-108 Bookcases (closest to chapel),2.2,Ancient Christian Commentary on Scripture:  New Testament VII - 1-2 Corinthians,Gerald Bray
557160675,CHAP-108 Bookcases (closest to chapel),2.2,Ancient Christian Commentary on Scripture: New Testament I  - Genesis 1-11,Andrew Louth
53029213,CHAP-108 Bookcases (closest to chapel),2.2,Ancient Christian Commentary on Scripture: New Testament Ia - Matthew 1-13,Manlio Simonetti
394979787,CHAP-108 Bookcases (closest to chapel),2.2,Ancient Christian Commentary on Scripture: New Testament Ib - Matthew 14-28,Manlio Simonetti
428417700,CHAP-108 Bookcases (closest to chapel),2.2,Ancient Christian Commentary on Scripture: New Testament III - Luke ,Arthur A. Just Jr.
150603160,CHAP-108 Bookcases (closest to chapel),2.2,Ancient Christian Commentary on Scripture: New Testament IVa - John 1-10,Joel C. Elowsky
75224869,CHAP-108 Bookcases (closest to chapel),2.2,Ancient Christian Commentary on Scripture: New Testament IVb - John 11-21,Joel C. Elowsky
163653107,CHAP-108 Bookcases (closest to chapel),2.3,"Ancient Christian Commentary on Scripture: New Testament IX - Colossians, 1-2 Thessalonians, 1-2 Timothy, Titus, Philemon",Peter Gorday
901384361,CHAP-108 Bookcases (closest to chapel),2.2,Ancient Christian Commentary on Scripture: New Testament V - Acts,Francis Martin
22688873,CHAP-108 Bookcases (closest to chapel),2.2,Ancient Christian Commentary on Scripture: New Testament VI - Romans,Gerald Bray
482136915,CHAP-108 Bookcases (closest to chapel),2.3,"Ancient Christian Commentary on Scripture: New Testament VIII - Galatians, Ephesians, Philippians",Mark J. Edwards
628344406,CHAP-108 Bookcases (closest to chapel),2.3,Ancient Christian Commentary on Scripture: New Testament X - Hebrews,Erik M. Heen and Philip D. W. Krey
799050066,CHAP-108 Bookcases (closest to chapel),2.3,"Ancient Christian Commentary on Scripture: New Testament XI - James, 1-2 Peter, 1-3 John, Jude",Gerald Bray
791538436,CHAP-108 Bookcases (closest to chapel),2.3,Ancient Christian Commentary on Scripture: New Testament XII - Revelation,William C. Weinrich
407342342,CHAP-108 Bookcases (closest to chapel),2.2,Ancient Christian Commentary on Scripture: Old Testament II - Genesis 12-50,Mark Sheridan
468022091,CHAP-108 Bookcases (closest to chapel),2.2,"Ancient Christian Commentary on Scripture: Old Testament III - Exodus, Leviticus, Numbers, Deuteronomy",Joseph T. Lienhard
163685119,CHAP-108 Bookcases (closest to chapel),2.2,"Ancient Christian Commentary on Scripture: Old Testament IV - Joshua, Judges, Ruth, 1-2 Samuel",John R. Franke
780743130,CHAP-108 Bookcases (closest to chapel),2.3,"Ancient Christian Commentary on Scripture: Old Testament IX - Proverbs, Ecclesiasstees, Song of Solomon",J. Robert Wright
84720767,CHAP-108 Bookcases (closest to chapel),2.2,"Ancient Christian Commentary on Scripture: Old Testament V - 1-2 Kings, 1-2 Chronicles, Ezra, Nehemiah, Esther",Marco Conti
984697765,CHAP-108 Bookcases (closest to chapel),2.2,Ancient Christian Commentary on Scripture: Old Testament VI - Job,Manlio Simonetti and Marco Conti
172923632,CHAP-108 Bookcases (closest to chapel),2.2,Ancient Christian Commentary on Scripture: Old Testament VII - Psalms 1-50,Craig A. Blaising and Carmen S. Hardin
672215432,CHAP-108 Bookcases (closest to chapel),2.3,Ancient Christian Commentary on Scripture: Old Testament VIII - Psalms 51-150,Quentin F.  Wesselschmidt
916227646,CHAP-108 Bookcases (closest to chapel),2.3,Ancient Christian Commentary on Scripture: Old Testament X - Isaiah 1-39,Steven A. McKinion
409395614,CHAP-108 Bookcases (closest to chapel),2.3,Ancient Christian Commentary on Scripture: Old Testament XI - Isaiah 40-66,Mark W. Elliott
655555582,CHAP-108 Bookcases (closest to chapel),2.3,"Ancient Christian Commentary on Scripture: Old Testament XII - Jeremiah, Lamentations",Ddean O. Wenthe
687801114,CHAP-108 Bookcases (closest to chapel),2.3,"Ancient Christian Commentary on Scripture: Old Testament XIII - Ezekiel, Daniel",Kenneth Stevenson and Michael Glerup
745524367,CHAP-108 Bookcases (closest to chapel),2.3,Ancient Christian Commentary on Scripture: Old Testament XIV - The Twelve Prophets,Alberto Ferreiro
591380288,CHAP-108 Bookcases (closest to chapel),2.3,Ancient Christian Commentary on Scripture: Old Testament XV - Apocrypha,Sever J. Voicu
360114068,Office # 108-A Bookcases,10.3,Ancient Christianity Commentary on Scripture: New Testament II: Mark,Thomas C. Oden & Christopher A. Hall
731723175,CHAP-108 Bookcases (closest to offices),8.4,Ancient Gospel or Modern Forgery: The Secret Gospel of Mark in Debate,Tony Burke
852005499,CHAP-108 Bookcases (closest to offices),7.3,Ancient Greece,Paul Cartledge
896546389,CHAP-108 Bookcases (closest to chapel),1.3,Apocalyptic Literature in the New Testament,Greg Carey
207203545,Office # 108-A Bookcases,10.2,Apocalyptic Thought in Early Christianity,Robert J. Daly
700028943,CHAP-108 Bookcases (closest to offices),7.4,Aquinas on Nature and Grace,A.M. Fairweather
116204187,Exterior (Next to Office),12.4,Armenian Apocrypha Relating To Angels and Biblical Heroes,Michael Stone
326505679,Exterior (Next to Office),12.4,Atlas of the Biblical World,"Mark Vitalis Hoffman, Robert A. Mullins"
784310430,CHAP-108 Bookcases (closest to offices),7.4,Augustine:  Later Works,John Burnaby
633699292,CHAP-108 Bookcases (closest to offices),7.4,Augustine: Earlier Writings,J. H. S. Burleigh
461469929,CHAP-108 Bookcases (closest to offices),8.2,Augustus to Constantine: The Rise and Triump of Christianity in the Roman World,Robert M. Grant
837516708,CHAP-108 Bookcases (closest to offices),7.2,Authenticating the Activities of Jesus,Bruce Chiliton & Craig A. Evans
22171993,CHAP-108 Bookcases (closest to offices),7.2,Authenticating the Words of Jesus,Bruce Chiliton & Craig A. Evans
971949578,CHAP-108 Bookcases (closest to chapel),1.4,Belief & Practice in the Orthodox Church,Eusebius Stephanou
436814758,Exterior (Next to Office),12.4,Biblical Interpretation in the Early Church,Michael Graves
248415695,Office # 108-A Bookcases,10.3,Brothers for Resistance and Rescue: The Underground Zionist Youth Movement in Hungary during World War II,David Gur
678639380,Office # 108-A Bookcases,10.2,Byzantine Christianity,Derek Krueger
220867058,CHAP-108 Bookcases (closest to offices),7.4,Calvin: Commentaries,Joseph Haroutunian
928023048,Office # 108-A Bookcases,10.2,Calvin: Instituted of the Christian Religion (1 and 2),John T. McNeil
749598448,Office # 108-A Bookcases,10.2,Christian Attitudes Toward War & Peace: A Historical Survey and Critical Re-evaluation,Roland H. Bainton
508335597,CHAP-108 Bookcases (closest to chapel),1.4,"Christian Oxyrhynchus: Texts, Documents, and Sources",Lincoln H. Blumell and Thomas A. Wayment
872379805,CHAP-108 Bookcases (closest to offices),8.3,Christian Social Teachings,George W. Forell
206013963,CHAP-108 Bookcases (closest to offices),"7.3,10.2",Christian Spirituality: Origins to the Twelfth Century,"Bernard McGinn, John Meyendorf, and Jean Leclercq"
929132421,Office # 108-A Bookcases,10.2,Christianity in European History,William A. Clelbsch
959514008,CHAP-108 Bookcases (closest to chapel),2.1,Christianity in the Greco-Roman World,Moyer V. Hubbard
996584813,CHAP-108 Bookcases (closest to chapel),1.3,Christianity: How a Tiny Sect from a Despised Religion came to Dominate the Roman Empire,Jonathon Hill
783145903,CHAP-108 Bookcases (closest to chapel),2.3,Christianization and the Rise of Christian Monarchy,Nora Berend
137963269,Office # 108-A Bookcases,10.2,Christianizing Egypt: Syncretism and Local Worlds in Late Antiquity,David Frankfurter
384578735,Exterior (Next to Office),12.4,Christobiography,Craig Keener
480030901,Office # 108-A Bookcases,9.3,Colonialism and the Bible: Contemporary Reflections from the Global South,Tat-Siong Benny Liew and Fernando F. Segovia
917297832,CHAP-108 Bookcases (closest to chapel),1.3,Confessions,Saint Augustine
843024806,Office # 108-A Bookcases,10.3,"Contextualizing the Sacred in the Hellenistic and Roman Near East: Religious Identities in Local, Regional, and Imperial Settings",Rubina Raja
152620394,CHAP-108 Bookcases (closest to offices),8.4,Cosmos Crumbling,Robert H. Abzug
693375347,Office # 108-A Bookcases,10.2,Critical Review of Books in Religion 1993,Eldon Jay Epp
41259105,CHAP-108 Bookcases (closest to offices),7.3,Das hellenistische Gymnasion,Akademie Verlag
479006461,CHAP-108 Bookcases (closest to chapel),2.1,Dictionary of Early Christian Literature,Siegmar Dopp and Wilhelm Geerlings
164733560,CHAP-108 Bookcases (closest to chapel),1.3,Dictionary of Ecclesiastical Latin,Leo F. Stelten
740220436,CHAP-108 Bookcases (closest to chapel),1.4,Documents and Images for the Study of Paul,Neil Elliot and Mark Reasoner
447904195,Office # 108-A Bookcases,10.2,Documents of the Christian Church (2nd Edition),Henry Bettenson
913338808,Office # 108-A Bookcases,9.3,Early Biblical Intrepretation,James L. Kugel
949816717,CHAP-108 Bookcases (closest to offices),7.4,Early Latin Theology,S. L. Greenslade
396242454,CHAP-108 Bookcases (closest to offices),8.2,Eastern Christian Worlds,Mahmoud Zibawi
691469017,CHAP-108 Bookcases (closest to offices),8.3,Eerdmans Dictionary of the Bible,David Noel Freedman
388100412,CHAP-108 Bookcases (closest to offices),8.3,Encyclopedia of Christian Theology (Volumes 1-3),Jean-Yves Lacoste
242343138,CHAP-108 Bookcases (closest to chapel),2.1,Encyclopedia of Early Christianity,"Everett Ferguson, Michael P McHugh, Frederick W. Norris"
698876766,CHAP-108 Bookcases (closest to offices),8.1,Essential Papers on Hassidism,Gershon David Hundbert
305669176,CHAP-108 Bookcases (closest to offices),8.4,Essential Papers on Judaism and Christianity in Conflict,Jeremy Cohen
475578414,CHAP-108 Bookcases (closest to offices),8.1,Essential Papers on Messianic Movements and Personality in Jewish History,Marc Saperstein
303059615,CHAP-108 Bookcases (closest to offices),8.1,Essential Papers on the Talmud,Michael Chernick
521575168,CHAP-108 Bookcases (closest to offices),8.4,Essential Papers on Zionism,Jehuda Reinharz and Anita Shapira
857193424,CHAP-108 Bookcases (closest to chapel),1.3,Evagrius Ponticus,A.M. Casiday
442935888,CHAP-108 Bookcases (closest to offices),8.4,Evangelicalism,Mark A. Noll
486764842,CHAP-108 Bookcases (closest to offices),8.3,Everyday Writing in the Greco-Roman East,Roger S. Bagnall
843622995,Office # 108-A Bookcases,10.2,Feminist Theory and the Bible: Interrogating the Sources,Esther Fuchs
553707268,Exterior (Next to Office),12.4,Figures of Ezra,"Jan N. Bremmer, Veronika Hirschberger, and Tobias Nicklas"
160619484,CHAP-108 Bookcases (closest to offices),7.3,Flavius Josephus: Selections from His Works,N/A
713339117,CHAP-108 Bookcases (closest to chapel),1.3,Framing Paul: An Epistolary Biography,Douglas A. Campbell
139189334,Exterior (Next to Office),12.4,From Rome to Early Christian Thessalonikē,N/A
646000030,Office # 108-A Bookcases,9.3,From the Maccabees to the Mishnah,Shaye J.D. Cohen
917276956,CHAP-108 Bookcases (closest to offices),8.3,Fundamentalism: The Search for Meaning,Malise Ruthven
335208976,CHAP-108 Bookcases (closest to chapel),1.4,"Galilee in the Late Second Temple and Mishnaic Periods: Life, Culture, and Society - Volume 1",David A. Fiensy and James Riley Strange
686589653,Office # 108-A Bookcases,9.3,Gods and the One God,Robert M. Grant
440773002,CHAP-108 Bookcases (closest to chapel),1.3,"Golden Mouth: The Story of John Chrysostom--Ascetic, Preacher, Bishop",J. N. D. Kelly
509166725,CHAP-108 Bookcases (closest to chapel),1.3,Gregory of Nazianzus,"Brian E. Daley, S.J."
569338422,CHAP-108 Bookcases (closest to chapel),1.3,Gregory of Nyssa,Anthony Meridith S.J.
140876119,CHAP-108 Bookcases (closest to chapel),1.3,Gregory the Great,John Moorhead
425700185,CHAP-108 Bookcases (closest to offices),7.3,Guardian of American Orthodoxy: Charles Hodge,Paul C. Gutjahr
689837039,CHAP-108 Bookcases (closest to offices),7.3,Her Story: Women in Christian Tradition,Barbara J. MacHaffie
567932043,CHAP-108 Bookcases (closest to offices),8.3,Historical Commentary on the Augsburg Confession,Wilhelm Maurer
809172002,Office # 108-A Bookcases,9.3,History of Global Christianity: Volume 1 - European and Global Christianity ca. 1500-1789,Jens Holger Schjorring and Norman A. Hjelm
153462054,Office # 108-A Bookcases,9.3,History of Global Christianity: Volume 2 - History of Christianity in the 19th century,Jens Holger Schjorring and Norman A. Hjelm
642229227,CHAP-108 Bookcases (closest to offices),"2.1,7.3",Holy Bible: New Revised Standard Version,N/A
420524856,Office # 108-A Bookcases,10.2,Houseboy,Ferdinand Oyono
469313049,Office # 108-A Bookcases,10.2,Icons in the Western Church: Toward a More Sacramental Encounter,Jeana Visel
696452753,Office # 108-A Bookcases,10.2,In Search of the Phoenicians,Josephine Quinn
722362900,CHAP-108 Bookcases (closest to offices),8.3,In the Beginning,Alister McGrath
354292824,CHAP-108 Bookcases (closest to offices),"8.2,10.3",In the Footsteps of Jesus: A Chronicle of His Life and the Origins of Christianity,Jean-Pierre Isbouts
423530057,Office # 108-A Bookcases,10.2,Into the World of the New Testament: Greco-Roman and Jewish Texts and Contexts,Daniel Lynwood Smith
367326992,CHAP-108 Bookcases (closest to chapel),2.1,Introduction to the Old Testament,Roland Kenneth Harrison
574902680,CHAP-108 Bookcases (closest to offices),7.2,Introduction to the Old Testament,James King West
999573157,CHAP-108 Bookcases (closest to offices),7.3,Jesus & the Forgotten City: New Light on Sepphoris and the Urban World of Jesus,Richard A. Batey
348495741,Exterior (Next to Office),12.4,Jesus of Arabia: Christ through Middle Eastern Eyes,Andrew Thompson
754501676,CHAP-108 Bookcases (closest to offices),7.3,Jesus Under Fire: Modern Scholarship Reinvents the Historical Jesus,Michael J. Wilkins and J.P. Moreland
859064260,CHAP-108 Bookcases (closest to offices),7.3,Late Antiquity: A Guide to the Postclassical World,G.W. Bowersock and Peter Brown and Oleg Grabar
230432691,CHAP-108 Bookcases (closest to offices),7.4,Late Medieval Mysticism,Ray C. Petry
410564708,Office # 108-A Bookcases,9.3,Letter Writing in Greco-Roman Antiquity,Stanley K. Stowers
658015543,Office # 108-A Bookcases,10.3,Lindisfarne Gospels (Part 1 and 2),N/A
895759609,Exterior (Next to Office),12.4,"Liturgical Subjects: Christian Ritual, Biblical Narrative, and the Formation of the Self in Byzantium",Derek Krueger
106780854,CHAP-108 Bookcases (closest to offices),7.4,Luther: Lectures on Romans,Wilhelm Pauck
667478277,CHAP-108 Bookcases (closest to offices),7.4,Melanchthon and Bucer,Wilhelm Pauch
658499045,Office # 108-A Bookcases,9.3,Miracles and the Kingdom of God,Myrick C. Shinall Jr.
725976227,Office # 108-A Bookcases,9.3,"Moral Exhortation, A Greco-Roman Sourcebook",Abraham J. Malherbe
871843378,CHAP-108 Bookcases (closest to chapel),1.3,New Testament Apocrypha - Volume Two: Writings Relating to the Apostles: Apocalypses and Related Subjects,Wilhdelm Schneemelcher
648276851,CHAP-108 Bookcases (closest to offices),7.2,Old Testament Pseudepigrapha and the Scriptures,Eibert Tigchelaar
470443439,CHAP-108 Bookcases (closest to chapel),1.4,Origen,Jonathon W. Trigg
279666903,Office # 108-A Bookcases,10.2,Pascal's Pensees,T.S. Eliot
668397273,CHAP-108 Bookcases (closest to chapel),1.4,Paul and His Recent Interpreters,N. T. Wright
138424209,CHAP-108 Bookcases (closest to offices),7.4,Paul in the Greco-Roman World - Volumes 1-4,J. Paul Sampley
545464568,CHAP-108 Bookcases (closest to chapel),1.4,Photian Studies,George Papademetriou
144439357,CHAP-108 Bookcases (closest to chapel),"2.1,10.2",Protestant Christianity Interpreted Through its Development,John Dillenburger and Clause Welch
502500805,Exterior (Next to Office),12.4,Reading Proverbs Intertextually,"Katharine Dell, Will Kynes"
666026976,CHAP-108 Bookcases (closest to offices),8.2,Reading Scripture with the Church Fathers,Christopher A. Hall
436909784,CHAP-108 Bookcases (closest to chapel),1.3,Reformers in the Wings from Geiler von Kaysersberg to Theodore Beza: Second Edition,David C. Steinmetz
973901755,CHAP-108 Bookcases (closest to offices),7.4,"Religious Foundations of Western Civilization: Judaism, Christianity, and Islam",Jacob Neusner
958591300,Exterior (Next to Office),12.4,Resurrecting Easter,John Dominic Crossan
337567650,Exterior (Next to Office),12.4,Saints in the Struggle ,Jonathan Chism
389976220,Office # 108-A Bookcases,10.2,Science and Health with Key to the Scriptures,Mary Baker Eddy
702702063,Exterior (Next to Office),12.4,Scribes and Scrolls at Qumran,Sidnie White Crawford
140862606,CHAP-108 Bookcases (closest to chapel),1.4,Sin: The Early History of an Idea,Paula Fredriksen
762688031,CHAP-108 Bookcases (closest to chapel),1.4,Soldering for God: Christianity and the Roman Army,John F. Shean
886835381,CHAP-108 Bookcases (closest to offices),8.1,Solomons's Divine Arts,Joseph Hall
622658114,CHAP-108 Bookcases (closest to chapel),1.4,Suffering and Evil in Early Christian Thought,Nonna Verna Harrison and David G. Hunter
202427832,Exterior (Next to Office),12.4,Symeon the Holy Fool: Leontius's Life and the Late Antique City,Derek Krueger
683522921,Office # 108-A Bookcases,10.2,The Aeneid of Virgil,Allen Mandelbaum
200721753,Office # 108-A Bookcases,10.3,The Aramaic Bible: Targum Neofiti 1: Deuteronomy Vol. 5A,Martin McNamara
775633140,Office # 108-A Bookcases,10.3,The Aramaic Bible: Targum Neofiti 1: Leviticus and Targum Pseudo-Jonathon: Leviticus Vol.3,Martin McNamara and Robert Hayward
997543583,Office # 108-A Bookcases,10.3,The Aramaic Bible: Targum Pseudo-Jonathon: Deuteronomy Vol. 5B,Ernest G. Clarke
57284530,Office # 108-A Bookcases,10.3,The Aramaic Bible: Targum Pseudo-Jonathon: Genesis Vol. 11,Michale Maher
697673383,Office # 108-A Bookcases,10.3,The Aramaic Bible: The Isaiah Targum Vol. 1B,Bruce D. Chilton
543541601,Office # 108-A Bookcases,10.3,"The Aramaic Bible: The Targum of Job, The Targum of Proverbs, The Targum of Qohelet Vol. 15","Celine Mangan, John F. Healey, Peter S. Knobel"
447674224,Office # 108-A Bookcases,10.3,The Aramaic Bible: The Two Targums of Esther,Bernard Grossfeld
496117858,Office # 108-A Bookcases,10.3,The Archaeology of Society in The Holy Land,Thomas E. Levy
160150766,CHAP-108 Bookcases (closest to offices),7.3,The Bible as Book: The Transmission of the Greek Text,Scott McKendrick and Orlaith O'Sullivan
411953187,Office # 108-A Bookcases,10.3,The Bible from Late Intiquity to the Renaissance: Writing and Images from the Vatican Libraru,Ambrogio M. Piazzoni with Francesca Manzari
128080338,CHAP-108 Bookcases (closest to offices),7.3,The Bible of the Poor,Albert C. Labriola and Joohn W. Smeltz
954862342,CHAP-108 Bookcases (closest to offices),8.2,The Bible with the Apocrypha (The Authoritative Modern Translation),N/A
718592516,CHAP-108 Bookcases (closest to offices),8.2,The Blackwell Dictionary of Eastern Christianity,"Ken Parry, etc."
912864823,Office # 108-A Bookcases,10.2,The Book of Esther and the Typology of Female Transfiguration in American Literature,Ariel Clark Silver
124891449,CHAP-108 Bookcases (closest to chapel),1.3,The Book of Magic: From Antiquity to the Enlightenment,Brian Copenhaver
399595176,CHAP-108 Bookcases (closest to offices),8.3,The Book of Revelation,Clarence Larkin
778143491,CHAP-108 Bookcases (closest to chapel),2.1,The Book of Saints: A Comprehensize Biographical Dictionary,Dom Basil Watkins
33525822,CHAP-108 Bookcases (closest to offices),8.4,The Books of the Bible: The Apocrypha and the New Testament,Bernhard W. Anderson
883563156,CHAP-108 Bookcases (closest to offices),8.4,The Books of the Bible: The Old Testament/The Hebrew Bible,Bernhard W. Anderson
965803179,CHAP-108 Bookcases (closest to chapel),2.1,The Cambridge Companion to Augustine,Eleonore Stump and Normal Kretzmann
873130823,CHAP-108 Bookcases (closest to offices),8.4,"The Changing Face of Christianity: Africa, the West, and the World",Lamin Sanneh and Joel A. Carpenter
679435343,CHAP-108 Bookcases (closest to chapel),1.4,The Changing Faces of Jesus,Geza Vermes
437365662,CHAP-108 Bookcases (closest to offices),8.2,The Christian Theological Tradition Reader,Catherine A. Cory
543466838,CHAP-108 Bookcases (closest to offices),8.3,The Church and the Library: Studied in Honor of Rev. Dr. George C. Papademetriou,Dean Papademetriou and Andrew J. Sopko
622685821,CHAP-108 Bookcases (closest to chapel),2.3,The Clash of God - A Reinterpretation of Early Christian  Art,Thomas F. Mathews
129147430,Office # 108-A Bookcases,9.3,The Coptic Gnostic Library: A Complete Edition of the Nag Hammadi Codices - Volumes 1 - 5,James M. Robinson
64516834,Office # 108-A Bookcases,10.2,The Counter Reformation,A.G. Dickens
182861464,Exterior (Next to Office),12.4,"The Dead Sea Scrolls, A Biography",John J. Collins
946548576,Office # 108-A Bookcases,10.3,The Desire of Ages,Ellen G. White
453400727,CHAP-108 Bookcases (closest to offices),8.2,The Development and Meaning of Trinitarian Doctrine: Retrieving Nicaea,Khaled Anatoliod
42090390,Office # 108-A Bookcases,10.2,The Divine Comedy of Dante Alighier: Inferno,Allen Mandelbaum
145344575,Office # 108-A Bookcases,10.2,The Divine Comedy of Dante Alighier: Paradiso,Allen Mandelbaum
720222600,Office # 108-A Bookcases,10.2,The Divine Comedy of Dante Alighier: Purgatorio,Allen Mandelbaum
766358858,CHAP-108 Bookcases (closest to offices),7.2,The Early Christian Book,William E. Klingshirn and Linda Safran
884863267,CHAP-108 Bookcases (closest to chapel),2.1,The Early Episcopal Career of Athanasius of Alexandria,Duane W.-H. Arnold
976969614,CHAP-108 Bookcases (closest to chapel),1.4,The Ecumenical Patriarchate: A Brief Guide,Fr . John Chryssavgis
904597566,CHAP-108 Bookcases (closest to offices),8.4,The Emergence of Christianity: Classical Traditions in Contemporary Perspective,Cynthia White
357051239,Office # 108-A Bookcases,10.2,The Eternal Covenant: Schleiermacher on God and Natural Science,Daniel James Pederson
547394548,Exterior (Next to Office),12.4,"The Eucharist- Its Origins and Contexts, Vol. I: Old Testament, Early Judaism, New Testament",David Hellholm and Dieter Sanger
107402748,Exterior (Next to Office),12.4,"The Eucharist- Its Origins and Contexts, Vol. II: Patristic Traditions, Iconography",David Hellholm and Dieter Sanger
822615369,Exterior (Next to Office),12.4,"The Eucharist- Its Origins and Contexts, Vol. III: Near Eastern and Graeco-Roman Traditions, Archaeology",David Hellholm and Dieter Sanger
930227226,Exterior (Next to Office),12.4,The Fabricated Christ,Paul Laffan
463140511,Office # 108-A Bookcases,10.2,The Face of Jesus,Edward Lucie-Smith
683425283,CHAP-108 Bookcases (closest to chapel),1.3,"The Fathers of the Church: Barsanuphius and John - Letters, Volume 2",John Chryssavgis
637437386,CHAP-108 Bookcases (closest to offices),"1.4,8.1",The Forms and Orders of Western Liturgy From the Tenth to the Eighteenth Century,John Harper
943105619,CHAP-108 Bookcases (closest to chapel),2.3,The Future of Early Christianity - Essays in Honor of Helmut Koester,Birger A. Pearson
827459903,CHAP-108 Bookcases (closest to offices),8.1,The Geneva Bible: The Annotated New Testament 1602 Edition,Gerald T. Sheppard
541328880,CHAP-108 Bookcases (closest to chapel),2.1,The Gospel of Judas,"Rudolphe Kasser, Marvin Meyer, and Gregor Wurst"
172018496,CHAP-108 Bookcases (closest to offices),7.3,"The Greatest Book on ""Dispensational Truth"" in the World",Clarence Larkin
182723777,CHAP-108 Bookcases (closest to chapel),1.4,The Greek Pursuit of Knowledge,Jacques Brunschwig and Geoffrey E. R. Lloyd
939882328,CHAP-108 Bookcases (closest to offices),8.4,The Harper Collins Study Bible (Student Edition),Harold W. Attridge
217058785,CHAP-108 Bookcases (closest to offices),8.1,The Heliand: The Saxon Gospel,G. Ronald Murphy
523023839,CHAP-108 Bookcases (closest to offices),8.3,The Holy Bible 1611 Edition,N/A
94485072,Office # 108-A Bookcases,10.2,The Inferno: Dante's immortal drama of a journey through hell,John Ciardi
939178369,Office # 108-A Bookcases,10.3,The Letter and the Scroll: What Archaeology Tells Us About the Bible,Robin Currie and Stephen G. Hyslop
352458655,CHAP-108 Bookcases (closest to offices),7.2,The Life and Letters of Hugh Miller,N/A
466153764,CHAP-108 Bookcases (closest to chapel),1.3,The Making of Paul: Constructions of the Apostle in Early Christianity,Richard I. Pervo
812920112,CHAP-108 Bookcases (closest to offices),8.3,The Mediators,Henry David Gray
55214956,Exterior (Next to Office),12.4,The Monastreies and Monks of Nubia,Artur Obłuski
381166048,Office # 108-A Bookcases,9.3,The Moral World of the First Christians,Wayne A. Meeks
737023785,Office # 108-A Bookcases,10.3,The New American Bible,N/A
166475217,Office # 108-A Bookcases,10.3,The New American Bible: Saint Joseph Edition,N/A
470537598,CHAP-108 Bookcases (closest to offices),8.4,The New Testament and Other Early Christian Writings,Bart D. Ehrman
806473961,CHAP-108 Bookcases (closest to chapel),2.1,"The New Testament in Four Versions: King James, Revised Standard, Phillips Modern English, New English Bible",N/A
909179654,Office # 108-A Bookcases,9.3,The New Testament in Its Literary Environment,David E.  Aune
610887988,Office # 108-A Bookcases,9.3,The New Testament in its Social Environment,John E. Stambaugh and David L. Balch
511742534,CHAP-108 Bookcases (closest to offices),7.3,The New Testament: Fortress Commentary on the Bible,"Margaret Aymer, Cynthia Briggs Kittredge, and David A. Sanchez"
629029800,CHAP-108 Bookcases (closest to offices),8.3,The Next Christendom: The Coming of Global Christianity,Philip Jenkins
77352421,CHAP-108 Bookcases (closest to offices),8.3,The Next Christendom: The Coming of Global Christianity (revised and expanded edition),Philip Jenkins
754221095,CHAP-108 Bookcases (closest to offices),8.4,The NSRV Concordance,John R. Kohlenberger III
582774438,CHAP-108 Bookcases (closest to chapel),2.1,The Old Testament and Apocrypha: Fortress Commentary on the Bible,"Fale A. Yee, Hugh R. Page Jr., Matthewe J.M. Coomber"
369390910,CHAP-108 Bookcases (closest to offices),8.3,The Old Testament Story (Ninth Edition),John H. Tullock and Mark McEntire
73787097,CHAP-108 Bookcases (closest to chapel),2.1,The Orthodox Church - New Edition,Timothy Ware
317966615,CHAP-108 Bookcases (closest to offices),8.2,The Other Jesus: Stories from World Religions,Todd Outcalt
177303475,CHAP-108 Bookcases (closest to offices),8.2,The Oxford Bible Commentary,John Barton and John Muddiman
301803323,CHAP-108 Bookcases (closest to offices),7.3,The Oxford Dictionary of the Christian Church,F. L. Cross and E. A. Livingstone
485108906,CHAP-108 Bookcases (closest to offices),8.1,The Oxford History of Christianity,John McManners
460290940,CHAP-108 Bookcases (closest to offices),8.1,The Oxford Illustrated History of Medieval Europe,George Holmes
328229279,Office # 108-A Bookcases,10.3,The Oxford Illustrated History of Roman Britain,Peter Salway
595381477,CHAP-108 Bookcases (closest to chapel),1.3,The Parable After Jesus: Their Imaginative Recceptions across Two Millennia,David B. Gowler
492515225,CHAP-108 Bookcases (closest to chapel),1.3,The Parables of Jesus: Recovering the Art of Listening,Richard Q. Ford
137909638,Office # 108-A Bookcases,10.2,The Paradiso: Dante's ultimate vision of universal  harmony and eternal salvation,John Ciardi
687697730,Exterior (Next to Office),12.4,The Pilgrimage of Egeria,"Anne McGowan, Paul F. Bradshaw"
178494398,CHAP-108 Bookcases (closest to chapel),2.3,The Poets' Book of Psalms,Laurance Wieder
363359035,Office # 108-A Bookcases,10.2,The Purgatorio: Dante's timeless of an ascent through purgatory,John Ciardi
815778844,CHAP-108 Bookcases (closest to chapel),1.3,The Rise of Western Christendom,Peter Brown
63493985,Office # 108-A Bookcases,10.2,The Roman Catholics,Patrick W. Carey
903034484,CHAP-108 Bookcases (closest to offices),8.4,The Saxon Savior,G. Ronald Murphy
832973343,Exterior (Next to Office),12.4,The Scepter and the Star,John J. Collins
847072897,CHAP-108 Bookcases (closest to offices),8.1,The Search for the Origins of Christian Worship,Paul F. Bradshaw
870462024,CHAP-108 Bookcases (closest to chapel),2.1,The Search for the Origins of Christian Worship: Sources and Methods for the Study of Early Liturgy,Paul F. Bradshaw
456148365,Exterior (Next to Office),12.4,The Secret of the Kingdom of God,Hugh Humphrey
910089598,CHAP-108 Bookcases (closest to offices),8.1,The Study of Liturgy,"Cheslyn Jones, etc."
595148433,CHAP-108 Bookcases (closest to offices),8.2,"The Text of the New Testament: Its Transmission, Corruption, and Restoration",Bruce M. Metzger and Bart D. Ehrman
96780706,CHAP-108 Bookcases (closest to chapel),1.3,The Trinitatarian Theology of Basil of Caesarea: A Synthesis of Greek Thought and Biblical Truth,Stephen M. Hildenbrand
194557529,Office # 108-A Bookcases,10.2,The Unveiled Christ of the Indian Gurus: A Study on the Contemporary Gurus' Interpretations of Jesus Christ,Rodinmawai Ralte
903885514,CHAP-108 Bookcases (closest to offices),8.1,The Westminister Historical Atlas to the Bible (Revised Edition),George Ernest Wright
829589256,CHAP-108 Bookcases (closest to offices),8.2,The World around the Old Testament: The People and Places of the Ancient Near East,Bill T. Arnold and Brent A. Strawn
204358696,CHAP-108 Bookcases (closest to offices),7.4,Theodore of Mopsuestia: Commentary on the Minor Pauline Epistles,Rowen A. Greer
375204460,CHAP-108 Bookcases (closest to chapel),1.3,Theodoret of Cyrus,Istvan Pasztori-Kupan
700831283,CHAP-108 Bookcases (closest to chapel),1.3,"Theodoret of Cyrus: The Questions on the Octateuch Volume 2: On Leviticus, Numbers, Deuteronomy, Joshua, Judges and Ruth",Robert C. Hill
871817866,CHAP-108 Bookcases (closest to chapel),1.3,Theodoret of Cyrus: The Questions on the Octateuch Volume 1: On Genesis and Exodus,Robert C. Hill
321635735,Office # 108-A Bookcases,9.3,Theological Dictionry of the Old Testament - Volumes I-VI,G. Johannes Botterweck and Helmer Ringgren
648436096,Exterior (Next to Office),12.4,To Cast The First Stone,"Jennifer Knust, Tommy Wasserman"
504403600,Exterior (Next to Office),12.4,Understanding the Alphabet of Dead Sea Scrolls,Ada Yardeni
569744902,CHAP-108 Bookcases (closest to chapel),1.4,Understanding the Greek Orthodox Church - 4th Edition,Demetrios J. Constantelos
618554425,CHAP-108 Bookcases (closest to offices),7.3,Violence Unveiled: Humanity at the Crossroads,Gil Bailie
607394419,Exterior (Next to Office),12.4,Wealth and Poverty in Early Christianity,Helen Rhee
41642879,CHAP-108 Bookcases (closest to offices),7.4,Western Asceticism,Owen Chadwick
56321185,CHAP-108 Bookcases (closest to chapel),2.1,What Are They Saying About the Gospel of Thomas?,Christopher W. Skinner
939135260,CHAP-108 Bookcases (closest to offices),8.2,What is the Bible?,Carl Lotmark
199936213,CHAP-108 Bookcases (closest to offices),8.2,Who Wrote the Bible?,Richard Elliott Friedman
368083651,Exterior (Next to Office),12.4,"Studia Patristica, Marcion and the Dating of Synoptic Gospels",Markus Vinzent
328139828,Exterior (Next to Office),12.4,Egypt's Role in the Hebrew Bible,N/A
305277785,Exterior (Next to Office),12.4,Interpreting the New Testament,"Sherri Brown, Francis J. Maloney,"
796647382,Office # 108-A Bookcases,10.4,The Reality of Religious Vioence,Hector Avalos
734942882,CHAP-108 Bookcases (closest to chapel),1.4,A Brief Introduction to Chirstianity,Christopher Partridge
903845925,CHAP-108 Bookcases (closest to chapel),1.4,Magic in Medieval Manuscripts ,Sophie Page
771598898,CHAP-108 Bookcases (closest to chapel),1.4,A History of Early Christian Literature,Justo L. González
323927534,CHAP-108 Bookcases (closest to chapel),1.2,The Creation of the Baptist New South,Michael E. Williams Sr.
776555703,Office # 108-A Bookcases,10.4,God's Body ,Christoph Markschies
378588376,Office # 108-A Bookcases,10.4,The Paulist Biblical Commentary,N/A
366661042,Office # 108-A Bookcases,10.4,Job A New Translation,Edward Greenstein
170760895,Office # 108-A Bookcases,10.4,The Torah a Woman's Commentary ,"Tamarah Cohn Eskenaz, Andrea L. Weiss"
80199731,CHAP-108 Bookcases (closest to chapel),4.4,A Companion to Biblical Interpretation in Early Judaism,Matthias Henze
459191883,CHAP-108 Bookcases (closest to offices),5.1,A People Apart: A Political History of the Jews in Europe 1789-1939,David Vital
867354729,CHAP-108 Bookcases (closest to chapel),3.4,A Rivalry of Genius: Jewish and Christian Biblical Intrepretation in Late Antiquity,March Hirshman
156747349,CHAP-108 Bookcases (closest to offices),5.1,Antisemitic Hate Signs in Hebrew Illuminated Manuscripts from Medieval Germany,Ruth Mellinkoff
48750599,CHAP-108 Bookcases (closest to chapel),3.4,Apocrypha: Jewish Literature of the Hellenistic Age,Nicholas De Lange
163614800,CHAP-108 Bookcases (closest to chapel),4.4,Aspiring Women: A History of the Jewish Foundation for Education of Women,Jenna Weissman Joselit
233897547,CHAP-108 Bookcases (closest to offices),5.1,Brothers for Resistance and Rescue: The Underground Zionist Youth Movement in Hungary during World War II,David Gur
955937686,Office # 108-A Bookcases,10.4,Daughters in the Hebrew Bible,Kimberly D. Russaw
467034401,CHAP-108 Bookcases (closest to chapel),4.4,Discoveries in the Judaean Desert XV,Emanuel Tov
599511655,CHAP-108 Bookcases (closest to chapel),3.3,Encyclopedia Judaica Volume 1,N/A
554387790,CHAP-108 Bookcases (closest to chapel),3.3,Encyclopedia Judaica Volume 10,N/A
346932991,CHAP-108 Bookcases (closest to chapel),3.3,Encyclopedia Judaica Volume 11,N/A
69428438,CHAP-108 Bookcases (closest to chapel),3.3,Encyclopedia Judaica Volume 12,N/A
118146522,CHAP-108 Bookcases (closest to chapel),3.4,Encyclopedia Judaica Volume 13,N/A
779449751,CHAP-108 Bookcases (closest to chapel),3.4,Encyclopedia Judaica Volume 14,N/A
679628182,CHAP-108 Bookcases (closest to chapel),3.4,Encyclopedia Judaica Volume 15,N/A
181705175,CHAP-108 Bookcases (closest to chapel),3.4,Encyclopedia Judaica Volume 16,N/A
699513050,CHAP-108 Bookcases (closest to chapel),3.3,Encyclopedia Judaica Volume 2,N/A
626438655,CHAP-108 Bookcases (closest to chapel),3.3,Encyclopedia Judaica Volume 3,N/A
571491137,CHAP-108 Bookcases (closest to chapel),3.3,Encyclopedia Judaica Volume 4,N/A
470694503,CHAP-108 Bookcases (closest to chapel),3.3,Encyclopedia Judaica Volume 5,N/A
539209979,CHAP-108 Bookcases (closest to chapel),3.3,Encyclopedia Judaica Volume 6,N/A
33390005,CHAP-108 Bookcases (closest to chapel),3.3,Encyclopedia Judaica Volume 7,N/A
774787229,CHAP-108 Bookcases (closest to chapel),3.3,Encyclopedia Judaica Volume 8,N/A
608364766,CHAP-108 Bookcases (closest to chapel),3.3,Encyclopedia Judaica Volume 9,N/A
232517309,CHAP-108 Bookcases (closest to chapel),3.4,Encyclopedia Judaica Volume Yearbook 1973,N/A
230356797,CHAP-108 Bookcases (closest to chapel),3.4,Encyclopedia Judaica Volume Yearbook 1974,N/A
350177188,CHAP-108 Bookcases (closest to chapel),3.4,Essential Papers on Israel and the Ancient Near East,Frederick E. Greenspahn
232776382,CHAP-108 Bookcases (closest to chapel),4.3,Essential Papers on Jewish Culture in Renaissance and Baroque Italy,David B. Ruderman
65893694,CHAP-108 Bookcases (closest to chapel),4.3,Essential Papers on Jewish-Christian Relations in the US,Naomi W. Cohen
518185090,CHAP-108 Bookcases (closest to chapel),3.4,Essential Papers on Kabbalah,Lawrence Fine
975037138,CHAP-108 Bookcases (closest to chapel),4.4,Every Christian's Book on Judaism: Exploring Jewish Faith and Law for a Richer Understanding of Christianity,Ira L. Shafiroff
821327058,CHAP-108 Bookcases (closest to chapel),3.3,Gates of Light,Rabbi Joseph Gikatilla
667296501,CHAP-108 Bookcases (closest to chapel),"4.1, 4.2",Hebrew English Edition of the Babylonian Talmud: Shabbath (multiple),N/A
269405618,CHAP-108 Bookcases (closest to chapel),4.4,Hellenism in the Land of Israel,John J. Collins and Gregory E. Sterling
694414060,CHAP-108 Bookcases (closest to chapel),4.4,Heritage and Hellenisn: The Reinvention of Jewish Tradition,Erich S. Gruen
175943664,CHAP-108 Bookcases (closest to offices),5.1,Historical Atlas of Jerusalem,Meir Ben-Dov
280144063,CHAP-108 Bookcases (closest to chapel),4.1,Introduction to the Hebrew Bible,John J. Collins
852401970,Office # 108-A Bookcases,10.4,Jewish Feminism: Framed and Reframed,Esther Fuchs
775644640,CHAP-108 Bookcases (closest to offices),5.1,Jewish Inscriptions of Graeco-Roman Egypt,William Horbury and David Noy
484188874,CHAP-108 Bookcases (closest to offices),5.1,"Jewish Inscriptions of Western Europe Volume 1 - Italy (excluding the City of Rome), Spain, and Gaul",David Noy
178245618,CHAP-108 Bookcases (closest to chapel),4.4,Jewish Inscriptions of Western Europe: Volume 2 - The City of Rome,David Noy
797923511,CHAP-108 Bookcases (closest to chapel),4.4,Jewish Renewal: A Path to Healing and Transformation,Michael Lerner
396280154,CHAP-108 Bookcases (closest to chapel),4.4,Jewish Spirituality I: From the Bible through the Middle Ages,Arthur Green
252208484,CHAP-108 Bookcases (closest to chapel),4.4,Jewish Spirituality II: From the Sixteenth Century Revival to the Present,Arthur Green
288603676,CHAP-108 Bookcases (closest to chapel),3.4,Jewish-Christian Relations,Abel Mordechai Bibliowicz
309469827,CHAP-108 Bookcases (closest to chapel),3.4,Jews and Judaaism in World History,Howard N. Lupovitch
18503520,CHAP-108 Bookcases (closest to chapel),4.4,JPS Hebrew-English Tanakh,N/A
31667480,CHAP-108 Bookcases (closest to offices),5.1,La Crise Maccabeenne: Historiographie Juive et traditions bibliques,Etienne Nodet
822807604,CHAP-108 Bookcases (closest to chapel),4.4,Language & Literacy in Roman Judaea: A Study of the Bar Kokhba Documents,Michael Owen Wise
375762005,CHAP-108 Bookcases (closest to chapel),4.3,Mishnayoth (multiple),Philip Blackman
628818075,CHAP-108 Bookcases (closest to chapel),3.4,Onkelos on the Torah: Understanding the Bible Text,Israel Drazin and Stanley M. Wagner
797865494,CHAP-108 Bookcases (closest to chapel),2.4,Outside the Bible: Ancient Jewish Writings Related to Scripture Volume 1,"Louis H. Feldman, James L. Kugel, and Lawrence H. Schiffman"
496957143,CHAP-108 Bookcases (closest to chapel),2.4,Outside the Bible: Ancient Jewish Writings Related to Scripture Volume 2,"Louis H. Feldman, James L. Kugel, and Lawrence H. Schiffman"
865486809,CHAP-108 Bookcases (closest to chapel),2.4,Outside the Bible: Ancient Jewish Writings Related to Scripture Volume 3,"Louis H. Feldman, James L. Kugel, and Lawrence H. Schiffman"
202020423,CHAP-108 Bookcases (closest to chapel),4.4,Sign of the Covenant: Circumcision in the Priestly Tradition,David A. Bernat
296388372,CHAP-108 Bookcases (closest to chapel),3.4,Skies of Parchment - Seas of Ink - Jewissh Illuminated Manuscripts,Marc Michael Epstein
320433341,CHAP-108 Bookcases (closest to offices),5.1,"Stone and Dung, Oil and Spit - Jewish Daily Life in the Time of Jesus",Jodi Magness
983001045,CHAP-108 Bookcases (closest to chapel),4.4,Tanakh: The Holy Scriptures,N/A
345980956,CHAP-108 Bookcases (closest to offices),5.1,The Abingdon: Introduction to the Bible: Understanding Jewish and Christian Scriptures,"Joel S. Kaminsky, Joel N. Lohr, and Mark Reasoner"
748164659,CHAP-108 Bookcases (closest to offices),5.1,The Composition of the Pentateuch: Renewing the Documentary Hypothesis,Joel S. Baden
603277434,CHAP-108 Bookcases (closest to chapel),4.3,The Continuum History of Apocalypticism,"Bernard McGinn, John. J. Collins, Stephen J. Stein"
423312987,CHAP-108 Bookcases (closest to offices),5.1,The Eerdmans Dictionary of Early Judaism,John J. Collins and Daniel C. Harlow
678947123,CHAP-108 Bookcases (closest to chapel),4.3,The Encyclopedia of Judaism Volume 1,"Jacob Neusner, Alan J. Avery-Peck, William Scott Green"
668978,CHAP-108 Bookcases (closest to chapel),4.3,The Encyclopedia of Judaism Volume 2,"Jacob Neusner, Alan J. Avery-Peck, William Scott Green"
377967174,CHAP-108 Bookcases (closest to chapel),4.3,The Encyclopedia of Judaism Volume 3,"Jacob Neusner, Alan J. Avery-Peck, William Scott Green"
440589258,Office # 108-A Bookcases,10.4,The Formation of the Pentateuch,"Jan C. Gertz, Bernard M. Levinson, Dalit Rom-Shiloni, and Konrad Schmid"
713584043,CHAP-108 Bookcases (closest to offices),5.1,The German-Jewish Dialogue: An Anthology of Literary texts 1749-1993,Ritchie Robertson
842851015,CHAP-108 Bookcases (closest to offices),5.1,The Holy Land: An Oxford Archaeological Guide,Herome Murphy-O'Connor
797089759,CHAP-108 Bookcases (closest to chapel),3.4,The Illustrated Atlas of Jerusalem,Dan Bahat
586169331,CHAP-108 Bookcases (closest to chapel),4.3,The Interpreter's Bible Volume 1,N/A
760408998,Office # 108-A Bookcases,10.4,The Invention of Religion: Faith and Covenant in the Book of Exodus,Jan Assmann
501177507,CHAP-108 Bookcases (closest to chapel),4.4,The Israelis: Ordinary People in an Extraordinary Land,Donna Rosenthal
439831791,CHAP-108 Bookcases (closest to chapel),4.4,The Myth of Ritual Murder: Jews and Magic in Reformation Germany,R. Po-chia Hsia
650533740,CHAP-108 Bookcases (closest to offices),5.1,The Orientalist: Solving the Mystery of a Strange and Dangerous Life ,Tom Reiss
448157487,CHAP-108 Bookcases (closest to chapel),4.4,The Origin of the Jews,Steven Weitzman
294118070,CHAP-108 Bookcases (closest to offices),5.1,The Oxford Handbook of Jewish Studies,Martin Goodman
491479484,CHAP-108 Bookcases (closest to chapel),4.4,The Routledge Atlas of Jewish History  ,Martin Gilbert
511603066,Office # 108-A Bookcases,10.4,The Talmud: A Biography,Barry Scott Wimpfheimer
420259389,CHAP-108 Bookcases (closest to chapel),3.4,"The Wiles of Women/The Wiles of Men: Joseph and Potiphar's Wife in Ancient Near Eastern, Jewish, and Islamic Folklore",Shalom Goldman
513601522,CHAP-108 Bookcases (closest to chapel),4.4,Visual Judaism in Late Antiquity: Historical Contexts of Jewish Art,Lee I. Levine
74212470,CHAP-108 Bookcases (closest to chapel),4.4,Were the Jews a Mediterranean Society?,Seth Schwartz
232646188,Unknown,N/A,The Jews in Late Antiquity,Rodrigo Laham Cohen
815436906,CHAP-108 Bookcases (closest to chapel),4.3,Egypt's Role in the Hebrew Bible,Thomas Romer and Shirly Ben-Dor Evian
256760895,Unknown,N/A,Jewish Christianity and the History of Judaism,Annette Yoshiko Reed
461914367,Unknown,N/A,"Apocalypse Against Empires, Theologies of Resistance in Early Judaism",Anathea Portier-Young
393923056,CHAP-108 Bookcases (closest to chapel),4.3,Interpreter's Bible Volume 2,N/A
714841265,CHAP-108 Bookcases (closest to chapel),4.3,Jewish Ethics and Morality,"Elliot N. Dorff, Jonathan K. Crane"
847094332,CHAP-108 Bookcases (closest to chapel),2.4,A Journey Into Christian Art,Helen De Borchgrave
394476037,CHAP-108 Bookcases (closest to chapel),2.4,Ancient Near Eastern History and Culture,"William H. Stiebing, Jr."
416302313,CHAP-108 Bookcases (closest to chapel),2.4,"Bach's Major Vocal Works: Music, Drama, Liturgy",Markus Rathey
799395436,CHAP-108 Bookcases (closest to chapel),2.4,Body Narratives: Motion and Emotion in the French Enlightenment,Susanna Cavilia
989331665,CHAP-108 Bookcases (closest to chapel),2.4,Cookbook of Foods from Bible Days,Jean and Frank McKibbin
368333018,CHAP-108 Bookcases (closest to chapel),2.4,Icons in the Western Church: Toward a More Sacramental Encounter,Jeana Visel
102000083,CHAP-108 Bookcases (closest to chapel),2.4,Ingatheering of the Nations,Ariella Amar and Ruth Jacoby
257411620,CHAP-108 Bookcases (closest to chapel),2.4,"Life of Jesus in Icons: From the ""Bible of Tbilisi""",Francis J. Moloney
487691149,CHAP-108 Bookcases (closest to chapel),2.4,Music in Ancient Israel/Palestine,Joachim Braun
697317751,CHAP-108 Bookcases (closest to chapel),2.4,Painting the Word: Christian Pictures and their Meanings,John Drury
413039809,CHAP-108 Bookcases (closest to chapel),2.4,Seeing Salvation: Images of Christ in Art,Neil Macgregor
797332239,CHAP-108 Bookcases (closest to chapel),2.4,The Arts of Mankind - Early Christian Arts,Andre Malraux and Georges Salles
127814390,CHAP-108 Bookcases (closest to chapel),2.4,The Churches and Catacombs of Early Christian Rome - A Comprehensive Guide,Matilda Webb
92108931,CHAP-108 Bookcases (closest to chapel),2.4,The Dance of Death,Hans Holbein
675318204,CHAP-108 Bookcases (closest to chapel),2.4,"The Food and Feasts of Jesus: The Original Mediterranean Diet, with Menus and Recipes",Douglas E. Neel and Joel A. Pugh
458981478,CHAP-108 Bookcases (closest to chapel),2.4,The Harpercollins Visual Guide to the New Testament - What Archaeology Reveals about the First Christians,Jonathon L. Reed
955794640,CHAP-108 Bookcases (closest to chapel),2.4,The Image of Christ,Gabriel Finaldi
961173767,CHAP-108 Bookcases (closest to chapel),2.4,The Jews in Christian Art - An Illustrated History,Heinz Schreckenberg
829890564,CHAP-108 Bookcases (closest to chapel),2.4,The Letter and  the Scroll - What Archaeology Tells Us About the Bible,Robin Curie and Stephen G. Hyslop
975992434,CHAP-108 Bookcases (closest to chapel),2.4,The New Testament World in Pictures,Paula A. Savage
152076495,CHAP-108 Bookcases (closest to chapel),1.2,A History of the Ancient Near East ca. 3000-323 BC,Marc Van De Mieroop
110926256,CHAP-108 Bookcases (closest to chapel),1.2,Buddhism: Introducing the Buddhist Experience,Donald W. Mitchell
120998868,CHAP-108 Bookcases (closest to chapel),1.2,Chinese Religion: An Introduction (4th Edition),Laurence G. Thompson
649404429,CHAP-108 Bookcases (closest to chapel),1.2,"Ethics, Wealth, and Salvation","Russell Sizemore, Donald Swearer"
551731226,CHAP-108 Bookcases (closest to chapel),1.2,Facing Our Frailty: Comparative Religious Ethics and the Confucian Death Rituals,Lee H. Yearley
469739174,CHAP-108 Bookcases (closest to chapel),1.2,In the Mirror of Memory ,Janet Gyatso
63350340,CHAP-108 Bookcases (closest to chapel),1.2,"Orientalism and Religion: Postcolonial Theory, India, and 'The Mystic East'",Richard King
99693419,CHAP-108 Bookcases (closest to chapel),1.2,The Anthology 1: Peace is a Simple Step,Ajahn Sumedho
442867914,CHAP-108 Bookcases (closest to chapel),1.2,The Anthology 2: Seeds of Understanding,Ajahn Sumedho
744790873,CHAP-108 Bookcases (closest to chapel),1.2,The Anthology 3: Direct Realization,Ajahn Sumedho
581246280,CHAP-108 Bookcases (closest to chapel),1.2,The Anthology 4: The Sound of Silence,Ajahn Sumedho
419897896,CHAP-108 Bookcases (closest to chapel),1.2,The Anthology 5: The Wheel of Truth,Ajahn Sumedho
302164168,CHAP-108 Bookcases (closest to chapel),1.2,The Bhagavad-Gita,George Thompson
476545413,CHAP-108 Bookcases (closest to chapel),1.2,The Bhagavad-Gita: Krishna's Counsel in Time of War,Barbara Stoler Miller
857065452,CHAP-108 Bookcases (closest to chapel),1.2,The Birth of Orientalism,Urs App
274067376,CHAP-108 Bookcases (closest to chapel),1.2,The Book on the Living God,Bo Yin Ra
338647756,CHAP-108 Bookcases (closest to chapel),1.2,The Buddha,Michael Carrithers
879880042,CHAP-108 Bookcases (closest to chapel),1.2,The Empty Mirror: Experiences in a Japanese Zen Monastery,Janwillem van de Wetering
219643001,CHAP-108 Bookcases (closest to chapel),1.2,The Experience of Buddhism: Sources and Interpretations,John S. Strong
908199423,CHAP-108 Bookcases (closest to chapel),1.2,The Hindu Religious Tradition,Thomas J. Hopkins
380874083,CHAP-108 Bookcases (closest to chapel),1.2,The Holy Teaching of Vimalakīrti,Robert Thurman
27120238,CHAP-108 Bookcases (closest to chapel),1.2,The Tibetan Book of Living and Dying,Sogyal Rinpoche
978054421,CHAP-108 Bookcases (closest to chapel),1.2,The Tibetan Book of the Great Liberation,W. Y. Evans-Wentz
416558776,CHAP-108 Bookcases (closest to chapel),1.2,Tokugawa Religion,Robert Bellah
303956679,CHAP-108 Bookcases (closest to offices),6.4,Voice of the Buddha: Buddhaghosa on the Immeasurable Words,Maria Heim
53333669,CHAP-108 Bookcases (closest to chapel),1.2,Tsong Khapa's Speech of Gold in the Essence of True Eloquence,Robert Thurman
111689978,CHAP-108 Bookcases (closest to chapel),1.2,Stillness Flowing,Ajahn Chah
840938625,CHAP-108 Bookcases (closest to chapel),1.1,A Journey to Waco: Autobiography of a Branch Davidian,Clive Doyle
893894160,CHAP-108 Bookcases (closest to chapel),1.1,American Evangelicals Today,Corwin E. Smidt
649080228,CHAP-108 Bookcases (closest to chapel),1.1,American Religions: A Documentary History,R. Marie Griffith
552675428,CHAP-108 Bookcases (closest to chapel),1.1,Billy Budd: And Other Tales,Herman Melville
132747914,CHAP-108 Bookcases (closest to chapel),1.1,"Cave, City, and Eagle's Nest","David Carrasco, Scott Sessions"
209572384,CHAP-108 Bookcases (closest to chapel),1.2,Christianity in the United States,David W. Wills
440130020,CHAP-108 Bookcases (closest to chapel),1.1,"Cueva, ciudad y nido de aguila  (Cave, City, and Eagle's Nest)","David Carrasco, Scott Sessions"
983291277,CHAP-108 Bookcases (closest to chapel),1.2,Elvis People: The Cult of the King,Ted Harrison
260113386,CHAP-108 Bookcases (closest to chapel),1.2,Encyclopedia of American Religions: Seventh Edition,N/A
235375723,CHAP-108 Bookcases (closest to chapel),1.1,Encyclopedia of Evangelicalism,Randall Balmer
598524682,CHAP-108 Bookcases (closest to chapel),1.1,Encyclopedia of Evangelicalism: Revised and Expanded Edition,Randall Balmer
977889145,CHAP-108 Bookcases (closest to chapel),1.2,Encyclopedia of Religion and the Law in America,N/A
928768176,CHAP-108 Bookcases (closest to chapel),1.1,Mine Eyes Have Seen the Glory,Randall Balmer
582334677,CHAP-108 Bookcases (closest to chapel),1.1,Naming the Antichrist: The History of an American Obsession,Robert Fuller
663783884,CHAP-108 Bookcases (closest to chapel),1.1,"Red, White, and Black: The Peoplese of Early America: Second Edition",Gary B. Nash
469931590,CHAP-108 Bookcases (closest to chapel),1.2,Reflections on the Birth of the Elvis Faith,John Strausbaugh
918637221,CHAP-108 Bookcases (closest to chapel),1.1,Religion in American Public Life,A. James Reichley
893104089,CHAP-108 Bookcases (closest to chapel),1.2,Religion in the Secular City: Toward a Postmodern Theology,Harvey Cox
750090925,CHAP-108 Bookcases (closest to chapel),1.1,Restless Souls: The Making of American Spirituality,Leigh Eric Schmidt
210414853,CHAP-108 Bookcases (closest to chapel),1.1,Slavery & Sin: The Fight Against Slavery and the Rise of Liberal Protestantism,Molly Oshatz
378838967,CHAP-108 Bookcases (closest to chapel),1.1,The Age of Evangelicalism: America's Born-Again Yearss,Steven P. Miller
534216929,CHAP-108 Bookcases (closest to chapel),1.1,The Bible Made Impossible: Why Biblicism Is Not a Truly Evangelical Reading of Scripture,Christian Smith
165358446,CHAP-108 Bookcases (closest to chapel),1.2,The German Roots of Nineteenth-Century American Theology,Annette G. Aubert
547118490,CHAP-108 Bookcases (closest to chapel),1.1,The Making of Working-Class Religion,Matthew Pehl
634269491,CHAP-108 Bookcases (closest to chapel),1.1,The New Metaphysicals: Spirituality and the American Religious Imagination,Coutney Bender
267979047,CHAP-108 Bookcases (closest to chapel),1.1,The Origins of Southern Evangelicalism,Thomas J. Little
206843413,CHAP-108 Bookcases (closest to chapel),1.2,The Oxford Handbook of Evangelical Theology,Gerald R. McDermott
4185552,CHAP-108 Bookcases (closest to chapel),1.1,The Restructuring of American Religion,Robert Wuthnow
746008748,CHAP-108 Bookcases (closest to chapel),1.1,War and the American Difference,Stanley Hauerwas
588395717,CHAP-108 Bookcases (closest to chapel),1.1,White Over Black: American Attitudes Toward the Negro 1550-1812,Winthrop D. Jordan
187341422,CHAP-108 Bookcases (closest to chapel),1.1,"Still Christian, Following Jesus out of American Evangelicalism",David Gushee
541354761,CHAP-108 Bookcases (closest to chapel),1.1,The Uneasy Conscience of Modern Fundamentalism,Richard J. Mouw
176137047,CHAP-108 Bookcases (closest to chapel),1.1,"Race, Religion and Politics: Towards Human Rights in the United States",Stephanie Y. Mitchem
13690460,CHAP-108 Bookcases (closest to chapel),1.1,When Time Shall Be No More,Paul Boyer
551757726,CHAP-108 Bookcases (closest to offices),"5.2, 5.3, and 5.4",The Classics of Western Spirituality (multiple),(multiple)
775705022,CHAP-108 Bookcases (closest to offices),5.2,A Brief Illustrated Guide to Understanding Islam,I. A. Ibrahim
712395829,CHAP-108 Bookcases (closest to offices),6.1,A Concise Introduction to World Religions,William G. Oxtoby & Alan F. Segal
142476497,CHAP-108 Bookcases (closest to offices),6.2,Africa Bible Commentaries: A One-Volume Commentary Written by 70 African Scholars,Tokunboh Adeyemo
17424480,CHAP-108 Bookcases (closest to offices),6.2,An Illustrated Guide to World Religions,Michael D. Coogan
38863294,CHAP-108 Bookcases (closest to offices),6.2,Cambridge Illustrated History: Religion,John Bowler
621692258,CHAP-108 Bookcases (closest to offices),6.1,Civilizations of the Ancient Near East Volume 1,Jack M. Sasson
670607019,CHAP-108 Bookcases (closest to offices),6.1,Civilizations of the Ancient Near East Volume 2,Jack M. Sasson
867304704,CHAP-108 Bookcases (closest to offices),6.1,Civilizations of the Ancient Near East Volume 3,Jack M. Sasson
439480868,CHAP-108 Bookcases (closest to offices),6.1,Civilizations of the Ancient Near East Volume 4,Jack M. Sasson
853248326,CHAP-108 Bookcases (closest to offices),6.2,Conquest of Violence: The Gandhian Philosophy of Conflict,Joan V. Bondurant
306495570,CHAP-108 Bookcases (closest to offices),6.1,Controversial New Religions,james R. Lewis and Jesper Aagaard Petereson
455797463,CHAP-108 Bookcases (closest to offices),6.2,Encyclopedia of Millenialism and Millenial Movements,Richard Landes
452215133,CHAP-108 Bookcases (closest to offices),6.3,Encylopaedia of the Qur'an: Volumes A-Z,Jane Dammen McAuliffe
576938203,CHAP-108 Bookcases (closest to offices),6.1,"Experiencing the World's Religions: Tradition, Challenge, and Change (2nd Edition)",Michael Molloy
557587738,CHAP-108 Bookcases (closest to offices),6.1,"Experiencing the World's Religions: Tradition, Challenge, and Change (4nd Edition)",Michael Molloy
836455932,CHAP-108 Bookcases (closest to offices),6.2,God On Our Side: Religion in Internation Affairs,Shireen T. Hunter
408459226,CHAP-108 Bookcases (closest to offices),6.2,Historical Dictionary of Shaminism,Graham Harvey and Robert J. Wallis
887421519,CHAP-108 Bookcases (closest to offices),5.2,Human Rights and the World's Major Religion: Volume 1 - The Jewish Tradition,Peter J. Haas
743180904,CHAP-108 Bookcases (closest to offices),5.2,Human Rights and the World's Major Religion: Volume 2 - The Christian Tradition,William H. Brackney
772100957,CHAP-108 Bookcases (closest to offices),5.2,Human Rights and the World's Major Religion: Volume 3 - The Islamic Tradition,Muddathir 'Abd Al-Rahim
358037661,CHAP-108 Bookcases (closest to offices),5.2,Human Rights and the World's Major Religion: Volume 4 - The Hindu Tradition,Harold Coward
8825600,CHAP-108 Bookcases (closest to offices),5.2,Human Rights and the World's Major Religion: Volume 5 - The Buddhist Tradition,Robert E. Florida
518739341,CHAP-108 Bookcases (closest to offices),6.2,Instructor's Manual to Accompany Religions of the World,N/A
405082774,CHAP-108 Bookcases (closest to offices),6.2,Introduction to Mythology - Contemporary Approaches to Classical and World Myths,Eva M. Thury and Margaret K. Devinney
632568223,CHAP-108 Bookcases (closest to offices),6.2,Kinh-Thanh,N/A
539514147,CHAP-108 Bookcases (closest to offices),6.2,"Many Peoples, Many Faiths: Women and Men in the World Religions",Robert S. Ellwood and Barbara A. McGraw
801962262,CHAP-108 Bookcases (closest to offices),5.2,Muhammad,Michael Cook
125311253,CHAP-108 Bookcases (closest to offices),6.2,New Standard Bible (Korean),N/A
565468415,CHAP-108 Bookcases (closest to offices),6.2,Palestine and the Arab-Israeli Conflict (3rd Edition),Charles D. Smith
771761907,CHAP-108 Bookcases (closest to offices),6.4,Princeton Encyclopedia of Islamic Political Thought,Gerhard Bowering
537746226,CHAP-108 Bookcases (closest to offices),5.2,Religion and Culture: Contemporary Practices and Perspectives,Richard D. Hecht and Vincent F. Biondo III
701203966,CHAP-108 Bookcases (closest to offices),6.1,Religions of the Ancient World: A Guide,Sarah Iles Johnston
441804742,CHAP-108 Bookcases (closest to offices),6.1,Religions of the World,"Nielsen, Jr, Hein, Reynolds, …"
672943400,CHAP-108 Bookcases (closest to offices),6.1,Religions of the World: Buddhism,Bradley K. Hawkins
58216383,CHAP-108 Bookcases (closest to offices),6.1,Religions of the World: Christianity,Brian Wilson
69110322,CHAP-108 Bookcases (closest to offices),6.1,Religions of the World: Religion in the Twenty-first Century,Mary Pat Fisher
173326329,CHAP-108 Bookcases (closest to offices),6.2,Religious Autobiographies,Gary L. Comstock
485008299,CHAP-108 Bookcases (closest to offices),5.2,Studies on Islam,Merlin L. Swartz
154202564,CHAP-108 Bookcases (closest to offices),6.2,Terror in the Mind of God - The Global Rise of Religious Violence,Mark Juergensmeyer
63217480,CHAP-108 Bookcases (closest to offices),6.1,The Ancient Near East: An Anthology of Texts & Pictures,James B. Pritchard
699825343,CHAP-108 Bookcases (closest to offices),6.4,The Cambridge History of Islam (Volume 1): The Central Islamic Lands,"P.M. Holt, Ann K. S. Lambton, and Bernard Lewis"
135823608,CHAP-108 Bookcases (closest to offices),6.3,The Context of Scripture: Archival Documents - Volume 3,William W. Hallo
260277952,CHAP-108 Bookcases (closest to offices),6.3,The Context of Scripture: Canonical Compositions - Volume 1,William W. Hallo
647074260,CHAP-108 Bookcases (closest to offices),6.3,The Context of Scripture: Monumental Inscriptions- Volume 2,William W. Hallo
337051105,CHAP-108 Bookcases (closest to offices),6.2,"The Destructive Power of Religion: Violence in Judaism, Christianity, and Islam Volume 2",J. Harold Ellens
540055669,CHAP-108 Bookcases (closest to offices),6.2,"The Destructive Power of Religion: Violence in Judaism, Christianity, and Islam Volume 3",J. Harold Ellens
381915143,CHAP-108 Bookcases (closest to offices),6.2,"The Destructive Power of Religion: Violence in Judaism, Christianity, and Islam Volume 4",J. Harold Ellens
592133438,CHAP-108 Bookcases (closest to offices),5.2,The Empty Mirror: Experiences in a Japanese Zen Monastery,Janwillem van de Wetering
90212854,CHAP-108 Bookcases (closest to offices),6.1,The Holy Qur'an,A. Y. Ali
498244504,CHAP-108 Bookcases (closest to offices),6.3,The Koran Interpreted,A.J. Arberry
792864890,CHAP-108 Bookcases (closest to offices),6.4,The NEW Cambridge History of Islam (Volume 2):  The Western Islamic World Eleventh to Eighteenth Centuries,Maribel Fierro
420283589,CHAP-108 Bookcases (closest to offices),6.4,The NEW Cambridge History of Islam (Volume 3): The  Eastern Islamic World Eleventh to Eighteenth Centuries,David O. Morgan and Anthony  Reid
274986762,CHAP-108 Bookcases (closest to offices),6.4,The NEW Cambridge History of Islam (Volume 4): Islamic Cultures and Societities to the End of the Eighteenth Century,Robert Irwin
742489644,CHAP-108 Bookcases (closest to offices),6.4,The NEW Cambridge History of Islam (Volume 5): The Islamic World in the Age of Western Dominance,Francis Robinson
583943193,CHAP-108 Bookcases (closest to offices),6.4,The NEW Cambridge History of Islam (Volume 6): Muslims andd Modernity Culture and Society since 1800,Robert W. Hefner
941146128,CHAP-108 Bookcases (closest to offices),6.3,The Oxford Encylopedia of Ancient Egypt - Volumes 1-3,Donald B. Redford
280736429,CHAP-108 Bookcases (closest to offices),6.4,The Qur'an,Alan Jones
89163413,CHAP-108 Bookcases (closest to offices),6.4,The Qur'an,M. A. S.  Abdel Haleem
820321276,CHAP-108 Bookcases (closest to offices),6.2,The Role of Religion in Ancient Civilizations - Select Readings,Kim Woodring
110458927,CHAP-108 Bookcases (closest to offices),6.2,The Youthful God: Anthropomorphism in Early Islam,Professor Doktor Josef van Ess
590936938,CHAP-108 Bookcases (closest to offices),5.2,Voice of Hezobollah: The Statements of Sayyed Hassan Nassrallah,Nicholas Noe
327469468,CHAP-108 Bookcases (closest to offices),6.1,World Religions,Ramdas Lamb
420067740,CHAP-108 Bookcases (closest to offices),6.2,World Scripture: A Comparative Anthology of Sacred Texts,Andrew Wilson
224511628,CHAP-108 Bookcases (closest to offices),6.4,Qur'anic Studies Today,Angelika Neuwirth and Michael A. Sells
172009340,CHAP-108 Bookcases (closest to offices),6.4,Santa Muerte The Skeleton Saint,Andrew Chestnut
937010324,Exterior (Next to Office),11.2,The Gnostic New Age,April D. Deconick
309667922,Exterior (Next to Office),11.2,N/A,O'Meara
517056819,CHAP-108 Bookcases (closest to offices),7.1,1991 Paine Lecture in Religion: Religion and the Postmodern Vision,N/A
265659382,CHAP-108 Bookcases (closest to offices),7.1,A Critical Introducion to The Study of Religion,Craig Martin
523625367,CHAP-108 Bookcases (closest to offices),7.1,Challenging Richard Dawkins: Why Richard Dawkins is Wrong About God,Kathleen Jones
655562063,CHAP-108 Bookcases (closest to offices),7.1,Comparitive Religious Ethics,David Little and Sumner B. Twiss
550429869,CHAP-108 Bookcases (closest to offices),7.1,Dynamics of Faith,Paul Tillich
197204929,CHAP-108 Bookcases (closest to offices),7.2,Encyclopedia of Science and Religion - Volumes 1-2,N/A
508905312,CHAP-108 Bookcases (closest to offices),7.1,God and Religion in the Postmodern World,David Ray Griffin
713195931,CHAP-108 Bookcases (closest to offices),7.1,Plurality And Ambiguity,David Tracy
656867760,CHAP-108 Bookcases (closest to offices),7.1,Possibilities for Over One Hundredfold More Spiritual Information,Sir John Templeton
498838800,CHAP-108 Bookcases (closest to offices),7.1,Quanum Shift: Theological and Pastoral Implications of Contemporary Developments in Science,Heidi Ann Russell
380426435,CHAP-108 Bookcases (closest to offices),7.1,Religion: A Search for Meaning,Margaret C. Huff and Ann K. Wetherlit
878437244,CHAP-108 Bookcases (closest to offices),7.1,Rethinking Religion: A Concise Introduction,Will Deming
271478430,CHAP-108 Bookcases (closest to offices),7.1,Sacred Fury: Understanding Religious Violence,Chrles Selengut
532460010,CHAP-108 Bookcases (closest to offices),7.1,Skeptical Theism: New Essays,Trent Dougherty & Justin P. McBrayer
302824031,CHAP-108 Bookcases (closest to offices),7.1,Studying Religion: An Introduction through Cases,Gary E. Kessler
744649267,CHAP-108 Bookcases (closest to offices),7.1,Taking Sides,Daniel K. Judd
512081348,CHAP-108 Bookcases (closest to offices),7.1,The Blackwell Companion to the Study of Religion,Robert A. Segal
857713237,CHAP-108 Bookcases (closest to offices),7.2,The Christian Theological Tradition,Catherine A Cory and David T. Landry
665100267,CHAP-108 Bookcases (closest to offices),7.1,The Cognitive Science of Religion,James A. Van Slyke
499978425,CHAP-108 Bookcases (closest to offices),7.2,The Flowering of Mysticism,Bernard McGinn
958589656,CHAP-108 Bookcases (closest to offices),7.2,The Foundations of Mysticism,Bernard McGinn
737608916,CHAP-108 Bookcases (closest to offices),7.2,The Growing of Mysticism,Bernard McGinn
398992021,CHAP-108 Bookcases (closest to offices),7.1,The Idea of the Holy,Rudolf Otto
95116411,CHAP-108 Bookcases (closest to offices),7.1,The Interpretation of Cultures,Clifford Geertz
831317131,CHAP-108 Bookcases (closest to offices),7.2,The Oxford Companion to Christian Thought,N/A
239587570,CHAP-108 Bookcases (closest to offices),7.1,The Problem of Abortion,Susan Dwyer and Joel Feinberg
672651888,CHAP-108 Bookcases (closest to offices),7.1,The Purpose of Life: A Theistic Perspective,Stewart Goetz
585524945,CHAP-108 Bookcases (closest to offices),7.1,The Radical Orthodoxy Reader,John Milbank and Simon Oliver
725478974,CHAP-108 Bookcases (closest to offices),7.1,The Ways of Philosophy: Searching for a Worthwhile Life,A. L. Herman
294585363,CHAP-108 Bookcases (closest to offices),7.1,Theology of Hope,Jurgen Moltmann
632254587,CHAP-108 Bookcases (closest to offices),7.1,Thinking About Religion: A Reader,Ivan  Strenski
105504096,CHAP-108 Bookcases (closest to offices),7.1,Ways of Being Religious,Gary E. Kessler
484060144,Exterior (Next to Office),11.2,"Reframing the Masters of Suspicion: Marx, Nietzsche, and Freud (2 Copies)",Andrew Dole
491876445,CHAP-108 Bookcases (closest to offices),8.3,The Works of Samuel Hopkins Vol. I,Bruce Kuklick
569057135,CHAP-108 Bookcases (closest to offices),8.3,The Works of Samuel Hopkins Vol. II,Bruce Kuklick
13841086,CHAP-108 Bookcases (closest to offices),8.3,The Works of Samuel Hopkins Vol. III,Bruce Kuklick
832854269,Exterior (Next to Office),11.2,Platonopolis,Dominic O'Meara
671595779,Exterior (Next to Office),11.2,Cosmology and Politics,Dominic O'Meara
938924230,CHAP-108 Bookcases (closest to chapel),1.2,Religion in the Secular City: Toward a Postmodern Theology,Harvey Cox
638503230,Unknown,N/A,The Reason For Science,Donald R. Strombeck